{"train_accuracy":0.9216080402010051,"_runtime":23633.336427,"validation_loss":1.8893090784549713,"_step":28,"validation_accuracy":0.932,"learning_rate":5e-06,"_wandb":{"runtime":23633},"_timestamp":1.745001252206094e+09,"train_loss":1.9010109553734462}